{
  "source": 2,
  "revision": 11,
  "description": null,
  "createdBy": {
    "displayName": "Sree Harsha",
    "url": "https://spsprodcus5.vssps.visualstudio.com/Abd7fc637-744a-4520-a531-262585bfb1bc/_apis/Identities/ccb9bc27-651a-655a-8970-7d17cec629dc",
    "_links": {
      "avatar": {
        "href": "https://dev.azure.com/AzureB14ADO/_apis/GraphProfile/MemberAvatars/msa.Y2NiOWJjMjctNjUxYS03NTVhLTg5NzAtN2QxN2NlYzYyOWRj"
      }
    },
    "id": "ccb9bc27-651a-655a-8970-7d17cec629dc",
    "uniqueName": "mavrick202@gmail.com",
    "imageUrl": "https://dev.azure.com/AzureB14ADO/_apis/GraphProfile/MemberAvatars/msa.Y2NiOWJjMjctNjUxYS03NTVhLTg5NzAtN2QxN2NlYzYyOWRj",
    "descriptor": "msa.Y2NiOWJjMjctNjUxYS03NTVhLTg5NzAtN2QxN2NlYzYyOWRj"
  },
  "createdOn": "2021-04-18T05:26:11.870Z",
  "modifiedBy": {
    "displayName": "Sree Harsha",
    "url": "https://spsprodcus5.vssps.visualstudio.com/Abd7fc637-744a-4520-a531-262585bfb1bc/_apis/Identities/ccb9bc27-651a-655a-8970-7d17cec629dc",
    "_links": {
      "avatar": {
        "href": "https://dev.azure.com/AzureB14ADO/_apis/GraphProfile/MemberAvatars/msa.Y2NiOWJjMjctNjUxYS03NTVhLTg5NzAtN2QxN2NlYzYyOWRj"
      }
    },
    "id": "ccb9bc27-651a-655a-8970-7d17cec629dc",
    "uniqueName": "mavrick202@gmail.com",
    "imageUrl": "https://dev.azure.com/AzureB14ADO/_apis/GraphProfile/MemberAvatars/msa.Y2NiOWJjMjctNjUxYS03NTVhLTg5NzAtN2QxN2NlYzYyOWRj",
    "descriptor": "msa.Y2NiOWJjMjctNjUxYS03NTVhLTg5NzAtN2QxN2NlYzYyOWRj"
  },
  "modifiedOn": "2021-04-18T07:25:06.820Z",
  "isDeleted": false,
  "lastRelease": {
    "id": 7,
    "name": "Release-7",
    "artifacts": [],
    "_links": {},
    "description": "",
    "releaseDefinition": {
      "id": 1,
      "projectReference": null,
      "_links": {}
    },
    "createdOn": "2021-04-18T07:25:41.280Z",
    "createdBy": {
      "displayName": "Sree Harsha",
      "url": "https://spsprodcus5.vssps.visualstudio.com/Abd7fc637-744a-4520-a531-262585bfb1bc/_apis/Identities/ccb9bc27-651a-655a-8970-7d17cec629dc",
      "_links": {
        "avatar": {
          "href": "https://dev.azure.com/AzureB14ADO/_apis/GraphProfile/MemberAvatars/msa.Y2NiOWJjMjctNjUxYS03NTVhLTg5NzAtN2QxN2NlYzYyOWRj"
        }
      },
      "id": "ccb9bc27-651a-655a-8970-7d17cec629dc",
      "uniqueName": "mavrick202@gmail.com",
      "imageUrl": "https://dev.azure.com/AzureB14ADO/_apis/GraphProfile/MemberAvatars/msa.Y2NiOWJjMjctNjUxYS03NTVhLTg5NzAtN2QxN2NlYzYyOWRj",
      "descriptor": "msa.Y2NiOWJjMjctNjUxYS03NTVhLTg5NzAtN2QxN2NlYzYyOWRj"
    }
  },
  "variables": {
    "aksmgmtrg": {
      "value": "k8sb03newrg",
      "allowOverride": true
    }
  },
  "variableGroups": [],
  "environments": [
    {
      "id": 1,
      "name": "Deploying The RG",
      "rank": 1,
      "owner": {
        "displayName": "Sree Harsha",
        "url": "https://spsprodcus5.vssps.visualstudio.com/Abd7fc637-744a-4520-a531-262585bfb1bc/_apis/Identities/ccb9bc27-651a-655a-8970-7d17cec629dc",
        "_links": {
          "avatar": {
            "href": "https://dev.azure.com/AzureB14ADO/_apis/GraphProfile/MemberAvatars/msa.Y2NiOWJjMjctNjUxYS03NTVhLTg5NzAtN2QxN2NlYzYyOWRj"
          }
        },
        "id": "ccb9bc27-651a-655a-8970-7d17cec629dc",
        "uniqueName": "mavrick202@gmail.com",
        "imageUrl": "https://dev.azure.com/AzureB14ADO/_apis/GraphProfile/MemberAvatars/msa.Y2NiOWJjMjctNjUxYS03NTVhLTg5NzAtN2QxN2NlYzYyOWRj",
        "descriptor": "msa.Y2NiOWJjMjctNjUxYS03NTVhLTg5NzAtN2QxN2NlYzYyOWRj"
      },
      "variables": {},
      "variableGroups": [],
      "preDeployApprovals": {
        "approvals": [
          {
            "rank": 1,
            "isAutomated": true,
            "isNotificationOn": false,
            "id": 1
          }
        ],
        "approvalOptions": {
          "requiredApproverCount": null,
          "releaseCreatorCanBeApprover": false,
          "autoTriggeredAndPreviousEnvironmentApprovedCanBeSkipped": false,
          "enforceIdentityRevalidation": false,
          "timeoutInMinutes": 0,
          "executionOrder": 1
        }
      },
      "deployStep": {
        "id": 2
      },
      "postDeployApprovals": {
        "approvals": [
          {
            "rank": 1,
            "isAutomated": true,
            "isNotificationOn": false,
            "id": 3
          }
        ],
        "approvalOptions": {
          "requiredApproverCount": null,
          "releaseCreatorCanBeApprover": false,
          "autoTriggeredAndPreviousEnvironmentApprovedCanBeSkipped": false,
          "enforceIdentityRevalidation": false,
          "timeoutInMinutes": 0,
          "executionOrder": 2
        }
      },
      "deployPhases": [
        {
          "deploymentInput": {
            "parallelExecution": {
              "parallelExecutionType": 0
            },
            "agentSpecification": null,
            "skipArtifactsDownload": false,
            "artifactsDownloadInput": {
              "downloadInputs": []
            },
            "queueId": 35,
            "demands": [],
            "enableAccessToken": false,
            "timeoutInMinutes": 0,
            "jobCancelTimeoutInMinutes": 1,
            "condition": "succeededOrFailed()",
            "overrideInputs": {}
          },
          "rank": 1,
          "phaseType": 1,
          "name": "Agent job",
          "refName": null,
          "workflowTasks": [
            {
              "environment": {},
              "taskId": "46e4be58-730b-4389-8a2f-ea10b3e5e815",
              "version": "2.*",
              "name": "Create RG",
              "refName": "",
              "enabled": true,
              "alwaysRun": false,
              "continueOnError": false,
              "timeoutInMinutes": 0,
              "definitionType": "task",
              "overrideInputs": {},
              "condition": "succeeded()",
              "inputs": {
                "connectedServiceNameARM": "8fc3aeb4-fefe-4610-bfd4-0a08b095c4ef",
                "scriptType": "bash",
                "scriptLocation": "inlineScript",
                "scriptPath": "",
                "inlineScript": "\naz group create -n $(aksmgmtrg) -l eastus\necho $(aksmgmtrg) ",
                "scriptArguments": "",
                "powerShellErrorActionPreference": "stop",
                "addSpnToEnvironment": "false",
                "useGlobalConfig": "false",
                "cwd": "",
                "failOnStandardError": "false",
                "powerShellIgnoreLASTEXITCODE": "false"
              }
            }
          ]
        }
      ],
      "environmentOptions": {
        "emailNotificationType": "OnlyOnFailure",
        "emailRecipients": "release.environment.owner;release.creator",
        "skipArtifactsDownload": false,
        "timeoutInMinutes": 0,
        "enableAccessToken": false,
        "publishDeploymentStatus": true,
        "badgeEnabled": false,
        "autoLinkWorkItems": false,
        "pullRequestDeploymentEnabled": false
      },
      "demands": [],
      "conditions": [
        {
          "name": "ReleaseStarted",
          "conditionType": 1,
          "value": ""
        }
      ],
      "executionPolicy": {
        "concurrencyCount": 1,
        "queueDepthCount": 0
      },
      "schedules": [],
      "currentRelease": {
        "id": 7,
        "url": "https://vsrm.dev.azure.com/AzureB14ADO/3b4e974b-aa60-4ad6-9514-32dc8d92abad/_apis/Release/releases/7",
        "_links": {}
      },
      "retentionPolicy": {
        "daysToKeep": 30,
        "releasesToKeep": 3,
        "retainBuild": true
      },
      "processParameters": {},
      "properties": {
        "BoardsEnvironmentType": {
          "$type": "System.String",
          "$value": "unmapped"
        },
        "LinkBoardsWorkItems": {
          "$type": "System.String",
          "$value": "False"
        }
      },
      "preDeploymentGates": {
        "id": 0,
        "gatesOptions": null,
        "gates": []
      },
      "postDeploymentGates": {
        "id": 0,
        "gatesOptions": null,
        "gates": []
      },
      "environmentTriggers": [],
      "badgeUrl": "https://vsrm.dev.azure.com/AzureB14ADO/_apis/public/Release/badge/3b4e974b-aa60-4ad6-9514-32dc8d92abad/1/1"
    },
    {
      "id": 2,
      "name": "Installing Pre-Req",
      "rank": 2,
      "owner": {
        "displayName": "Sree Harsha",
        "url": "https://spsprodcus5.vssps.visualstudio.com/Abd7fc637-744a-4520-a531-262585bfb1bc/_apis/Identities/ccb9bc27-651a-655a-8970-7d17cec629dc",
        "_links": {
          "avatar": {
            "href": "https://dev.azure.com/AzureB14ADO/_apis/GraphProfile/MemberAvatars/msa.Y2NiOWJjMjctNjUxYS03NTVhLTg5NzAtN2QxN2NlYzYyOWRj"
          }
        },
        "id": "ccb9bc27-651a-655a-8970-7d17cec629dc",
        "uniqueName": "mavrick202@gmail.com",
        "imageUrl": "https://dev.azure.com/AzureB14ADO/_apis/GraphProfile/MemberAvatars/msa.Y2NiOWJjMjctNjUxYS03NTVhLTg5NzAtN2QxN2NlYzYyOWRj",
        "descriptor": "msa.Y2NiOWJjMjctNjUxYS03NTVhLTg5NzAtN2QxN2NlYzYyOWRj"
      },
      "variables": {},
      "variableGroups": [],
      "preDeployApprovals": {
        "approvals": [
          {
            "rank": 1,
            "isAutomated": true,
            "isNotificationOn": false,
            "id": 4
          }
        ],
        "approvalOptions": {
          "requiredApproverCount": null,
          "releaseCreatorCanBeApprover": false,
          "autoTriggeredAndPreviousEnvironmentApprovedCanBeSkipped": false,
          "enforceIdentityRevalidation": false,
          "timeoutInMinutes": 0,
          "executionOrder": 1
        }
      },
      "deployStep": {
        "id": 11
      },
      "postDeployApprovals": {
        "approvals": [
          {
            "rank": 1,
            "isAutomated": true,
            "isNotificationOn": false,
            "id": 12
          }
        ],
        "approvalOptions": {
          "requiredApproverCount": null,
          "releaseCreatorCanBeApprover": false,
          "autoTriggeredAndPreviousEnvironmentApprovedCanBeSkipped": false,
          "enforceIdentityRevalidation": false,
          "timeoutInMinutes": 0,
          "executionOrder": 2
        }
      },
      "deployPhases": [
        {
          "deploymentInput": {
            "parallelExecution": {
              "parallelExecutionType": 0
            },
            "agentSpecification": null,
            "skipArtifactsDownload": false,
            "artifactsDownloadInput": {
              "downloadInputs": []
            },
            "queueId": 35,
            "demands": [],
            "enableAccessToken": false,
            "timeoutInMinutes": 0,
            "jobCancelTimeoutInMinutes": 1,
            "condition": "succeededOrFailed()",
            "overrideInputs": {}
          },
          "rank": 1,
          "phaseType": 1,
          "name": "Agent job",
          "refName": null,
          "workflowTasks": [
            {
              "environment": {},
              "taskId": "46e4be58-730b-4389-8a2f-ea10b3e5e815",
              "version": "2.*",
              "name": "Installing Pre-Req",
              "refName": "",
              "enabled": true,
              "alwaysRun": false,
              "continueOnError": false,
              "timeoutInMinutes": 0,
              "definitionType": "task",
              "overrideInputs": {},
              "condition": "succeeded()",
              "inputs": {
                "connectedServiceNameARM": "8fc3aeb4-fefe-4610-bfd4-0a08b095c4ef",
                "scriptType": "bash",
                "scriptLocation": "inlineScript",
                "scriptPath": "",
                "inlineScript": "az version\naz feature register --name AKS-IngressApplicationGatewayAddon --namespace Microsoft.ContainerService\naz provider register --namespace Microsoft.ContainerService\naz extension add --name aks-preview\naz extension update --name aks-preview",
                "scriptArguments": "",
                "powerShellErrorActionPreference": "stop",
                "addSpnToEnvironment": "false",
                "useGlobalConfig": "false",
                "cwd": "",
                "failOnStandardError": "false",
                "powerShellIgnoreLASTEXITCODE": "false"
              }
            }
          ]
        }
      ],
      "environmentOptions": {
        "emailNotificationType": "OnlyOnFailure",
        "emailRecipients": "release.environment.owner;release.creator",
        "skipArtifactsDownload": false,
        "timeoutInMinutes": 0,
        "enableAccessToken": false,
        "publishDeploymentStatus": true,
        "badgeEnabled": false,
        "autoLinkWorkItems": false,
        "pullRequestDeploymentEnabled": false
      },
      "demands": [],
      "conditions": [
        {
          "name": "Deploying The RG",
          "conditionType": 2,
          "value": "4"
        }
      ],
      "executionPolicy": {
        "concurrencyCount": 1,
        "queueDepthCount": 0
      },
      "schedules": [],
      "currentRelease": {
        "id": 7,
        "url": "https://vsrm.dev.azure.com/AzureB14ADO/3b4e974b-aa60-4ad6-9514-32dc8d92abad/_apis/Release/releases/7",
        "_links": {}
      },
      "retentionPolicy": {
        "daysToKeep": 30,
        "releasesToKeep": 3,
        "retainBuild": true
      },
      "processParameters": {},
      "properties": {
        "BoardsEnvironmentType": {
          "$type": "System.String",
          "$value": "unmapped"
        },
        "LinkBoardsWorkItems": {
          "$type": "System.String",
          "$value": "False"
        }
      },
      "preDeploymentGates": {
        "id": 0,
        "gatesOptions": null,
        "gates": []
      },
      "postDeploymentGates": {
        "id": 0,
        "gatesOptions": null,
        "gates": []
      },
      "environmentTriggers": [],
      "badgeUrl": "https://vsrm.dev.azure.com/AzureB14ADO/_apis/public/Release/badge/3b4e974b-aa60-4ad6-9514-32dc8d92abad/1/2"
    },
    {
      "id": 3,
      "name": "Creating The AKS Cluster",
      "rank": 3,
      "owner": {
        "displayName": "Sree Harsha",
        "url": "https://spsprodcus5.vssps.visualstudio.com/Abd7fc637-744a-4520-a531-262585bfb1bc/_apis/Identities/ccb9bc27-651a-655a-8970-7d17cec629dc",
        "_links": {
          "avatar": {
            "href": "https://dev.azure.com/AzureB14ADO/_apis/GraphProfile/MemberAvatars/msa.Y2NiOWJjMjctNjUxYS03NTVhLTg5NzAtN2QxN2NlYzYyOWRj"
          }
        },
        "id": "ccb9bc27-651a-655a-8970-7d17cec629dc",
        "uniqueName": "mavrick202@gmail.com",
        "imageUrl": "https://dev.azure.com/AzureB14ADO/_apis/GraphProfile/MemberAvatars/msa.Y2NiOWJjMjctNjUxYS03NTVhLTg5NzAtN2QxN2NlYzYyOWRj",
        "descriptor": "msa.Y2NiOWJjMjctNjUxYS03NTVhLTg5NzAtN2QxN2NlYzYyOWRj"
      },
      "variables": {},
      "variableGroups": [],
      "preDeployApprovals": {
        "approvals": [
          {
            "rank": 1,
            "isAutomated": true,
            "isNotificationOn": false,
            "id": 5
          }
        ],
        "approvalOptions": {
          "requiredApproverCount": null,
          "releaseCreatorCanBeApprover": false,
          "autoTriggeredAndPreviousEnvironmentApprovedCanBeSkipped": false,
          "enforceIdentityRevalidation": false,
          "timeoutInMinutes": 0,
          "executionOrder": 1
        }
      },
      "deployStep": {
        "id": 10
      },
      "postDeployApprovals": {
        "approvals": [
          {
            "rank": 1,
            "isAutomated": true,
            "isNotificationOn": false,
            "id": 13
          }
        ],
        "approvalOptions": {
          "requiredApproverCount": null,
          "releaseCreatorCanBeApprover": false,
          "autoTriggeredAndPreviousEnvironmentApprovedCanBeSkipped": false,
          "enforceIdentityRevalidation": false,
          "timeoutInMinutes": 0,
          "executionOrder": 2
        }
      },
      "deployPhases": [
        {
          "deploymentInput": {
            "parallelExecution": {
              "parallelExecutionType": 0
            },
            "agentSpecification": null,
            "skipArtifactsDownload": false,
            "artifactsDownloadInput": {
              "downloadInputs": []
            },
            "queueId": 35,
            "demands": [],
            "enableAccessToken": false,
            "timeoutInMinutes": 0,
            "jobCancelTimeoutInMinutes": 1,
            "condition": "succeededOrFailed()",
            "overrideInputs": {}
          },
          "rank": 1,
          "phaseType": 1,
          "name": "Agent job",
          "refName": null,
          "workflowTasks": [
            {
              "environment": {},
              "taskId": "46e4be58-730b-4389-8a2f-ea10b3e5e815",
              "version": "2.*",
              "name": "Creating The AKS Cluster",
              "refName": "",
              "enabled": true,
              "alwaysRun": false,
              "continueOnError": false,
              "timeoutInMinutes": 0,
              "definitionType": "task",
              "overrideInputs": {},
              "condition": "succeeded()",
              "inputs": {
                "connectedServiceNameARM": "8fc3aeb4-fefe-4610-bfd4-0a08b095c4ef",
                "scriptType": "bash",
                "scriptLocation": "inlineScript",
                "scriptPath": "",
                "inlineScript": "az aks create --resource-group $(aksmgmtrg)  --name $(aksmgmtrg)  --node-count 1 --node-vm-size Standard_B2s --vm-set-type VirtualMachineScaleSets  --enable-node-public-ip --network-plugin azure --location eastus --enable-addons monitoring --kubernetes-version 1.19.6 --generate-ssh-keys --enable-managed-identity  --tags Project=dngp2 -a ingress-appgw  --appgw-name appgw1 --appgw-subnet-cidr \"10.241.1.0/24\"",
                "scriptArguments": "",
                "powerShellErrorActionPreference": "stop",
                "addSpnToEnvironment": "false",
                "useGlobalConfig": "false",
                "cwd": "",
                "failOnStandardError": "false",
                "powerShellIgnoreLASTEXITCODE": "false"
              }
            }
          ]
        }
      ],
      "environmentOptions": {
        "emailNotificationType": "OnlyOnFailure",
        "emailRecipients": "release.environment.owner;release.creator",
        "skipArtifactsDownload": false,
        "timeoutInMinutes": 0,
        "enableAccessToken": false,
        "publishDeploymentStatus": true,
        "badgeEnabled": false,
        "autoLinkWorkItems": false,
        "pullRequestDeploymentEnabled": false
      },
      "demands": [],
      "conditions": [
        {
          "name": "Installing Pre-Req",
          "conditionType": 2,
          "value": "4"
        }
      ],
      "executionPolicy": {
        "concurrencyCount": 1,
        "queueDepthCount": 0
      },
      "schedules": [],
      "currentRelease": {
        "id": 7,
        "url": "https://vsrm.dev.azure.com/AzureB14ADO/3b4e974b-aa60-4ad6-9514-32dc8d92abad/_apis/Release/releases/7",
        "_links": {}
      },
      "retentionPolicy": {
        "daysToKeep": 30,
        "releasesToKeep": 3,
        "retainBuild": true
      },
      "processParameters": {},
      "properties": {
        "BoardsEnvironmentType": {
          "$type": "System.String",
          "$value": "unmapped"
        },
        "LinkBoardsWorkItems": {
          "$type": "System.String",
          "$value": "False"
        }
      },
      "preDeploymentGates": {
        "id": 0,
        "gatesOptions": null,
        "gates": []
      },
      "postDeploymentGates": {
        "id": 0,
        "gatesOptions": null,
        "gates": []
      },
      "environmentTriggers": [],
      "badgeUrl": "https://vsrm.dev.azure.com/AzureB14ADO/_apis/public/Release/badge/3b4e974b-aa60-4ad6-9514-32dc8d92abad/1/3"
    },
    {
      "id": 4,
      "name": "Adding Pool To Cluster",
      "rank": 4,
      "owner": {
        "displayName": "Sree Harsha",
        "url": "https://spsprodcus5.vssps.visualstudio.com/Abd7fc637-744a-4520-a531-262585bfb1bc/_apis/Identities/ccb9bc27-651a-655a-8970-7d17cec629dc",
        "_links": {
          "avatar": {
            "href": "https://dev.azure.com/AzureB14ADO/_apis/GraphProfile/MemberAvatars/msa.Y2NiOWJjMjctNjUxYS03NTVhLTg5NzAtN2QxN2NlYzYyOWRj"
          }
        },
        "id": "ccb9bc27-651a-655a-8970-7d17cec629dc",
        "uniqueName": "mavrick202@gmail.com",
        "imageUrl": "https://dev.azure.com/AzureB14ADO/_apis/GraphProfile/MemberAvatars/msa.Y2NiOWJjMjctNjUxYS03NTVhLTg5NzAtN2QxN2NlYzYyOWRj",
        "descriptor": "msa.Y2NiOWJjMjctNjUxYS03NTVhLTg5NzAtN2QxN2NlYzYyOWRj"
      },
      "variables": {},
      "variableGroups": [],
      "preDeployApprovals": {
        "approvals": [
          {
            "rank": 1,
            "isAutomated": true,
            "isNotificationOn": false,
            "id": 6
          }
        ],
        "approvalOptions": {
          "requiredApproverCount": null,
          "releaseCreatorCanBeApprover": false,
          "autoTriggeredAndPreviousEnvironmentApprovedCanBeSkipped": false,
          "enforceIdentityRevalidation": false,
          "timeoutInMinutes": 0,
          "executionOrder": 1
        }
      },
      "deployStep": {
        "id": 9
      },
      "postDeployApprovals": {
        "approvals": [
          {
            "rank": 1,
            "isAutomated": true,
            "isNotificationOn": false,
            "id": 14
          }
        ],
        "approvalOptions": {
          "requiredApproverCount": null,
          "releaseCreatorCanBeApprover": false,
          "autoTriggeredAndPreviousEnvironmentApprovedCanBeSkipped": false,
          "enforceIdentityRevalidation": false,
          "timeoutInMinutes": 0,
          "executionOrder": 2
        }
      },
      "deployPhases": [
        {
          "deploymentInput": {
            "parallelExecution": {
              "parallelExecutionType": 0
            },
            "agentSpecification": null,
            "skipArtifactsDownload": false,
            "artifactsDownloadInput": {
              "downloadInputs": []
            },
            "queueId": 35,
            "demands": [],
            "enableAccessToken": false,
            "timeoutInMinutes": 0,
            "jobCancelTimeoutInMinutes": 1,
            "condition": "succeededOrFailed()",
            "overrideInputs": {}
          },
          "rank": 1,
          "phaseType": 1,
          "name": "Agent job",
          "refName": null,
          "workflowTasks": [
            {
              "environment": {},
              "taskId": "46e4be58-730b-4389-8a2f-ea10b3e5e815",
              "version": "2.*",
              "name": "Creating The AKS Cluster",
              "refName": "",
              "enabled": true,
              "alwaysRun": false,
              "continueOnError": false,
              "timeoutInMinutes": 0,
              "definitionType": "task",
              "overrideInputs": {},
              "condition": "succeeded()",
              "inputs": {
                "connectedServiceNameARM": "8fc3aeb4-fefe-4610-bfd4-0a08b095c4ef",
                "scriptType": "bash",
                "scriptLocation": "inlineScript",
                "scriptPath": "",
                "inlineScript": "az aks nodepool add --cluster-name $(aksmgmtrg)   --name pool1 --resource-group $(aksmgmtrg) --node-vm-size Standard_B2s --enable-node-public-ip --kubernetes-version 1.19.6 --node-count 1",
                "scriptArguments": "",
                "powerShellErrorActionPreference": "stop",
                "addSpnToEnvironment": "false",
                "useGlobalConfig": "false",
                "cwd": "",
                "failOnStandardError": "false",
                "powerShellIgnoreLASTEXITCODE": "false"
              }
            }
          ]
        }
      ],
      "environmentOptions": {
        "emailNotificationType": "OnlyOnFailure",
        "emailRecipients": "release.environment.owner;release.creator",
        "skipArtifactsDownload": false,
        "timeoutInMinutes": 0,
        "enableAccessToken": false,
        "publishDeploymentStatus": true,
        "badgeEnabled": false,
        "autoLinkWorkItems": false,
        "pullRequestDeploymentEnabled": false
      },
      "demands": [],
      "conditions": [
        {
          "name": "Creating The AKS Cluster",
          "conditionType": 2,
          "value": "4"
        }
      ],
      "executionPolicy": {
        "concurrencyCount": 1,
        "queueDepthCount": 0
      },
      "schedules": [],
      "currentRelease": {
        "id": 7,
        "url": "https://vsrm.dev.azure.com/AzureB14ADO/3b4e974b-aa60-4ad6-9514-32dc8d92abad/_apis/Release/releases/7",
        "_links": {}
      },
      "retentionPolicy": {
        "daysToKeep": 30,
        "releasesToKeep": 3,
        "retainBuild": true
      },
      "processParameters": {},
      "properties": {
        "BoardsEnvironmentType": {
          "$type": "System.String",
          "$value": "unmapped"
        },
        "LinkBoardsWorkItems": {
          "$type": "System.String",
          "$value": "False"
        }
      },
      "preDeploymentGates": {
        "id": 0,
        "gatesOptions": null,
        "gates": []
      },
      "postDeploymentGates": {
        "id": 0,
        "gatesOptions": null,
        "gates": []
      },
      "environmentTriggers": [],
      "badgeUrl": "https://vsrm.dev.azure.com/AzureB14ADO/_apis/public/Release/badge/3b4e974b-aa60-4ad6-9514-32dc8d92abad/1/4"
    },
    {
      "id": 5,
      "name": "Login To AKS & Check The Pods",
      "rank": 5,
      "owner": {
        "displayName": "Sree Harsha",
        "url": "https://spsprodcus5.vssps.visualstudio.com/Abd7fc637-744a-4520-a531-262585bfb1bc/_apis/Identities/ccb9bc27-651a-655a-8970-7d17cec629dc",
        "_links": {
          "avatar": {
            "href": "https://dev.azure.com/AzureB14ADO/_apis/GraphProfile/MemberAvatars/msa.Y2NiOWJjMjctNjUxYS03NTVhLTg5NzAtN2QxN2NlYzYyOWRj"
          }
        },
        "id": "ccb9bc27-651a-655a-8970-7d17cec629dc",
        "uniqueName": "mavrick202@gmail.com",
        "imageUrl": "https://dev.azure.com/AzureB14ADO/_apis/GraphProfile/MemberAvatars/msa.Y2NiOWJjMjctNjUxYS03NTVhLTg5NzAtN2QxN2NlYzYyOWRj",
        "descriptor": "msa.Y2NiOWJjMjctNjUxYS03NTVhLTg5NzAtN2QxN2NlYzYyOWRj"
      },
      "variables": {},
      "variableGroups": [],
      "preDeployApprovals": {
        "approvals": [
          {
            "rank": 1,
            "isAutomated": true,
            "isNotificationOn": false,
            "id": 7
          }
        ],
        "approvalOptions": {
          "requiredApproverCount": null,
          "releaseCreatorCanBeApprover": false,
          "autoTriggeredAndPreviousEnvironmentApprovedCanBeSkipped": false,
          "enforceIdentityRevalidation": false,
          "timeoutInMinutes": 0,
          "executionOrder": 1
        }
      },
      "deployStep": {
        "id": 8
      },
      "postDeployApprovals": {
        "approvals": [
          {
            "rank": 1,
            "isAutomated": true,
            "isNotificationOn": false,
            "id": 15
          }
        ],
        "approvalOptions": {
          "requiredApproverCount": null,
          "releaseCreatorCanBeApprover": false,
          "autoTriggeredAndPreviousEnvironmentApprovedCanBeSkipped": false,
          "enforceIdentityRevalidation": false,
          "timeoutInMinutes": 0,
          "executionOrder": 2
        }
      },
      "deployPhases": [
        {
          "deploymentInput": {
            "parallelExecution": {
              "parallelExecutionType": 0
            },
            "agentSpecification": null,
            "skipArtifactsDownload": false,
            "artifactsDownloadInput": {
              "downloadInputs": []
            },
            "queueId": 35,
            "demands": [],
            "enableAccessToken": false,
            "timeoutInMinutes": 0,
            "jobCancelTimeoutInMinutes": 1,
            "condition": "succeededOrFailed()",
            "overrideInputs": {}
          },
          "rank": 1,
          "phaseType": 1,
          "name": "Agent job",
          "refName": null,
          "workflowTasks": [
            {
              "environment": {},
              "taskId": "46e4be58-730b-4389-8a2f-ea10b3e5e815",
              "version": "2.*",
              "name": "Login To AKS & Check The Pods",
              "refName": "",
              "enabled": true,
              "alwaysRun": false,
              "continueOnError": false,
              "timeoutInMinutes": 0,
              "definitionType": "task",
              "overrideInputs": {},
              "condition": "succeeded()",
              "inputs": {
                "connectedServiceNameARM": "8fc3aeb4-fefe-4610-bfd4-0a08b095c4ef",
                "scriptType": "bash",
                "scriptLocation": "inlineScript",
                "scriptPath": "",
                "inlineScript": "az aks get-credentials -n $(aksmgmtrg)  -g $(aksmgmtrg)  --admin\nkubectl get po -A",
                "scriptArguments": "",
                "powerShellErrorActionPreference": "stop",
                "addSpnToEnvironment": "false",
                "useGlobalConfig": "false",
                "cwd": "",
                "failOnStandardError": "false",
                "powerShellIgnoreLASTEXITCODE": "false"
              }
            },
            {
              "environment": {},
              "taskId": "46e4be58-730b-4389-8a2f-ea10b3e5e815",
              "version": "2.*",
              "name": "Deploy A Test Pod",
              "refName": "",
              "enabled": true,
              "alwaysRun": false,
              "continueOnError": false,
              "timeoutInMinutes": 0,
              "definitionType": "task",
              "overrideInputs": {},
              "condition": "succeeded()",
              "inputs": {
                "connectedServiceNameARM": "8fc3aeb4-fefe-4610-bfd4-0a08b095c4ef",
                "scriptType": "bash",
                "scriptLocation": "inlineScript",
                "scriptPath": "",
                "inlineScript": "az aks get-credentials -n $(aksmgmtrg) -g $(aksmgmtrg)  --admin\nkubectl run testpod1 --image=sreeharshav/rollingupdate:v5",
                "scriptArguments": "",
                "powerShellErrorActionPreference": "stop",
                "addSpnToEnvironment": "false",
                "useGlobalConfig": "false",
                "cwd": "",
                "failOnStandardError": "false",
                "powerShellIgnoreLASTEXITCODE": "false"
              }
            }
          ]
        }
      ],
      "environmentOptions": {
        "emailNotificationType": "OnlyOnFailure",
        "emailRecipients": "release.environment.owner;release.creator",
        "skipArtifactsDownload": false,
        "timeoutInMinutes": 0,
        "enableAccessToken": false,
        "publishDeploymentStatus": true,
        "badgeEnabled": false,
        "autoLinkWorkItems": false,
        "pullRequestDeploymentEnabled": false
      },
      "demands": [],
      "conditions": [
        {
          "name": "Adding Pool To Cluster",
          "conditionType": 2,
          "value": "4"
        }
      ],
      "executionPolicy": {
        "concurrencyCount": 1,
        "queueDepthCount": 0
      },
      "schedules": [],
      "currentRelease": {
        "id": 7,
        "url": "https://vsrm.dev.azure.com/AzureB14ADO/3b4e974b-aa60-4ad6-9514-32dc8d92abad/_apis/Release/releases/7",
        "_links": {}
      },
      "retentionPolicy": {
        "daysToKeep": 30,
        "releasesToKeep": 3,
        "retainBuild": true
      },
      "processParameters": {},
      "properties": {
        "BoardsEnvironmentType": {
          "$type": "System.String",
          "$value": "unmapped"
        },
        "LinkBoardsWorkItems": {
          "$type": "System.String",
          "$value": "False"
        }
      },
      "preDeploymentGates": {
        "id": 0,
        "gatesOptions": null,
        "gates": []
      },
      "postDeploymentGates": {
        "id": 0,
        "gatesOptions": null,
        "gates": []
      },
      "environmentTriggers": [],
      "badgeUrl": "https://vsrm.dev.azure.com/AzureB14ADO/_apis/public/Release/badge/3b4e974b-aa60-4ad6-9514-32dc8d92abad/1/5"
    }
  ],
  "artifacts": [],
  "triggers": [],
  "releaseNameFormat": "Release-$(rev:r)",
  "tags": [],
  "properties": {
    "DefinitionCreationSource": {
      "$type": "System.String",
      "$value": "ReleaseNew"
    },
    "IntegrateBoardsWorkItems": {
      "$type": "System.String",
      "$value": "False"
    },
    "IntegrateJiraWorkItems": {
      "$type": "System.String",
      "$value": "false"
    }
  },
  "id": 1,
  "name": "Azure_AKS_Deployment",
  "path": "\\",
  "projectReference": null,
  "url": "https://vsrm.dev.azure.com/AzureB14ADO/3b4e974b-aa60-4ad6-9514-32dc8d92abad/_apis/Release/definitions/1",
  "_links": {
    "self": {
      "href": "https://vsrm.dev.azure.com/AzureB14ADO/3b4e974b-aa60-4ad6-9514-32dc8d92abad/_apis/Release/definitions/1"
    },
    "web": {
      "href": "https://dev.azure.com/AzureB14ADO/3b4e974b-aa60-4ad6-9514-32dc8d92abad/_release?definitionId=1"
    }
  }
}